# --- !Ups
INSERT INTO PUBLIC.ARTICLE(ARTICLE_ID, TITLE, INGRESS, TEXT, AUTHOR, IMAGE_PATH, DATE_MADE) VALUES(1, 'dsadsaSon', 'asdasdasdasdasd', STRINGDECODE('<p>Artikkel her mannnDayum</p>\r\n'), 1, '/assets/upload/hybrid/happy cat.jpg', TIMESTAMP '2015-02-12 00:05:08.963');
INSERT INTO PUBLIC.ARTICLE(ARTICLE_ID, TITLE, INGRESS, TEXT, AUTHOR, IMAGE_PATH, DATE_MADE) VALUES(2, 'dsadsaddddddddddddd', 'asdasdasdasdasddaaaaaaaaaaaa', STRINGDECODE('<p>Artikkel her mannnaaaaaaaaaaaaa</p>\r\n'), 1, NULL, TIMESTAMP '2015-03-24 20:28:01.119');
INSERT INTO PUBLIC.ARTICLE(ARTICLE_ID, TITLE, INGRESS, TEXT, AUTHOR, IMAGE_PATH, DATE_MADE) VALUES(3, 'Quizdewd', 'Eyyyooo, lmao', STRINGDECODE('<p>Artikkel her</p>\r\n'), 1, NULL, TIMESTAMP '2015-04-07 18:53:50.881');
INSERT INTO PUBLIC.ARTICLE(ARTICLE_ID, TITLE, INGRESS, TEXT, AUTHOR, IMAGE_PATH, DATE_MADE) VALUES(4, 'dsad', 'asdasdasd', STRINGDECODE('<p>Artikkel herasdasdasd</p>\r\n'), 1, NULL, TIMESTAMP '2015-04-07 20:12:24.446');
INSERT INTO PUBLIC.ARTICLE(ARTICLE_ID, TITLE, INGRESS, TEXT, AUTHOR, IMAGE_PATH, DATE_MADE) VALUES(5, 'Control', 'Gauge', STRINGDECODE('<p>NigersArtikkel her</p>\r\n'), 1, '/assets/upload/hybrid/pepe chan.png', TIMESTAMP '2015-04-07 20:32:04.549');
INSERT INTO PUBLIC.ARTICLE(ARTICLE_ID, TITLE, INGRESS, TEXT, AUTHOR, IMAGE_PATH, DATE_MADE) VALUES(6, 'Pepe is cool', 'Derp', STRINGDECODE('<p>Artikkel her</p>\r\n'), 1, '/assets/upload/hybrid/why is he so big.png', TIMESTAMP '2015-04-07 20:32:41.464');
INSERT INTO PUBLIC.ARTICLE(ARTICLE_ID, TITLE, INGRESS, TEXT, AUTHOR, IMAGE_PATH, DATE_MADE) VALUES(7, '', '', STRINGDECODE('<p>Artikkel her</p>\r\n'), 1, '/assets/upload/hybrid/jerry messing neckbeard.jpg', TIMESTAMP '2015-04-07 20:40:07.394');
INSERT INTO PUBLIC.ARTICLE(ARTICLE_ID, TITLE, INGRESS, TEXT, AUTHOR, IMAGE_PATH, DATE_MADE) VALUES(8, 'ftrft', 'frtfrtf', STRINGDECODE('<p>Artikkel herrtrftrft</p>\r\n'), 1, STRINGDECODE('/assets/upload/hybrid/InfiniteChan\u221echanLogo.svg.png'), TIMESTAMP '2015-04-07 20:40:40.713');
INSERT INTO PUBLIC.ARTICLE(ARTICLE_ID, TITLE, INGRESS, TEXT, AUTHOR, IMAGE_PATH, DATE_MADE) VALUES(9, 'Benny Garrison', 'Ben is the best m9 ever.', STRINGDECODE('<p>I never liked them motherfucking ben garrison wtf did&nbsp;;<em>What the fuck did you just fucking say about me, you little bitch? I&rsquo;;ll have you know I graduated top of my class in the Navy Seals, and I&rsquo;;ve been involved in numerous secret raids on Al-Quaeda, and I have over 300 confirmed kills. I am trained in gorilla warfare and I&rsquo;;m the top sniper in the entire US armed forces. You are nothing to me but just another target. I will wipe you the fuck out with precision the likes of which has never been seen before on this Earth, mark my fucking words. You think you can get away with saying that shit to me over the Internet? Think again, fucker. As we speak I am contacting my secret network of spies across theUSA&nbsp;;and your IP is being traced right now so you better prepare for the storm, maggot. The storm that wipes out the pathetic little thing you call your life. You&rsquo;;re fucking dead, kid. I can be anywhere, anytime, and I can kill you in over seven hundred ways, and that&rsquo;;s just with my bare hands. Not only am I extensively trained in unarmed combat, but I have access to the entire arsenal of the United States Marine Corps and I will use it to its full extent to wipe your miserable ass off the face of the continent, you little shit. If only you could have known what unholy retribution your little &ldquo;;clever&rdquo;; comment was about to bring down upon you, maybe you would have held your fucking tongue. But you couldn&rsquo;;t, you didn&rsquo;;t, and now you&rsquo;;re paying the price, you goddamn idiot. I will shit fury all over you and you will drown in it. You&rsquo;;re fucking dead, kiddo.</em></p>\r\n'), 1, '/assets/upload/hybrid/Ben Garrison shotgun.jpg', TIMESTAMP '2015-04-07 20:42:40.848');
INSERT INTO PUBLIC.ARTICLE(ARTICLE_ID, TITLE, INGRESS, TEXT, AUTHOR, IMAGE_PATH, DATE_MADE) VALUES(10, 'Niggers', 'Yes', STRINGDECODE('<p>Artikkel her</p>\r\n'), 1, '/assets/upload/hybrid/pollack isis.png', TIMESTAMP '2015-04-07 20:43:19.98');
INSERT INTO PUBLIC.ARTICLE(ARTICLE_ID, TITLE, INGRESS, TEXT, AUTHOR, IMAGE_PATH, DATE_MADE) VALUES(11, 'Damn son', 'Where''d you find this.', STRINGDECODE('<p>Ayyy oh. Lmao!&nbsp;;</p>\r\n'), 1, '/assets/upload/hybrid/f5 recheck.gif', TIMESTAMP '2015-04-07 20:46:05.394');
INSERT INTO PUBLIC.COMMENT(COMMENT_ID, COMMENT, AUTHOR_ID, ARTICLE_ARTICLE_ID, CREATED_DATE) VALUES(1, 'dassd', 1, 4, TIMESTAMP '2015-04-07 20:12:38.251');
INSERT INTO PUBLIC.COMMENT(COMMENT_ID, COMMENT, AUTHOR_ID, ARTICLE_ARTICLE_ID, CREATED_DATE) VALUES(2, 'Well well well', 1, 5, TIMESTAMP '2015-04-07 20:34:35.135');
INSERT INTO PUBLIC.COMMENT(COMMENT_ID, COMMENT, AUTHOR_ID, ARTICLE_ARTICLE_ID, CREATED_DATE) VALUES(3, 'brbrbrbr', 1, 5, TIMESTAMP '2015-04-07 20:34:49.162');
INSERT INTO PUBLIC.EVENT(EVENT_ID, ARTICLE_ID, LOCATION, FIRST_UPPER_GRADUATION_LIMIT, FIRST_LOWER_GRADUATION_LIMIT, SECOND_UPPER_GRADUATION_LIMIT, SECOND_LOWER_GRADUATION_LIMIT, SEX_ALLOWED, MAX_PARTICIPANTS, MAX_PARTICIPANTS_WAITING, SIGN_UP_DEADLINE, SECOND_SIGN_UP, EVENT_HAPPENS, EVENT_STOPS) VALUES(1, 2, 'dsadsad', 5, 1, 5, 1, 'A', 53, 5, TIMESTAMP '3111-11-11 11:11:00.0', TIMESTAMP '3100-11-11 11:11:00.0', TIMESTAMP '3232-01-23 11:11:00.0', TIMESTAMP '4444-11-11 11:11:00.0');
INSERT INTO PUBLIC.RENDERS(ARTICLE_ID, EVENT_ID) VALUES(1, NULL);
INSERT INTO PUBLIC.RENDERS(ARTICLE_ID, EVENT_ID) VALUES(NULL, 1);
INSERT INTO PUBLIC.RENDERS(ARTICLE_ID, EVENT_ID) VALUES(3, NULL);
INSERT INTO PUBLIC.RENDERS(ARTICLE_ID, EVENT_ID) VALUES(4, NULL);
INSERT INTO PUBLIC.RENDERS(ARTICLE_ID, EVENT_ID) VALUES(5, NULL);
INSERT INTO PUBLIC.RENDERS(ARTICLE_ID, EVENT_ID) VALUES(6, NULL);
INSERT INTO PUBLIC.RENDERS(ARTICLE_ID, EVENT_ID) VALUES(7, NULL);
INSERT INTO PUBLIC.RENDERS(ARTICLE_ID, EVENT_ID) VALUES(8, NULL);
INSERT INTO PUBLIC.RENDERS(ARTICLE_ID, EVENT_ID) VALUES(9, NULL);
INSERT INTO PUBLIC.RENDERS(ARTICLE_ID, EVENT_ID) VALUES(10, NULL);
INSERT INTO PUBLIC.RENDERS(ARTICLE_ID, EVENT_ID) VALUES(11, NULL);
INSERT INTO PUBLIC.USER(ID, USERNAME, FIRST_NAME, SURNAME, MIDDLE_NAME, EMAIL, WEBSITE_URL, PHONE, TITLE, PROFILE_IMAGE_FILE_NAME, GRADUATION_YEAR, STUDENT, BEDKOM, ADMIN, ROOT, SEX, ENROLLED, DATE_OF_BIRTH, LAST_LOGIN) VALUES(1, 'hybrid', '', 'Administrator', NULL, '', NULL, '', NULL, NULL, 0, TRUE, TRUE, TRUE, TRUE, STRINGDECODE('\u0000'), NULL, NULL, NULL);
INSERT INTO PUBLIC.USER(ID, USERNAME, FIRST_NAME, SURNAME, MIDDLE_NAME, EMAIL, WEBSITE_URL, PHONE, TITLE, PROFILE_IMAGE_FILE_NAME, GRADUATION_YEAR, STUDENT, BEDKOM, ADMIN, ROOT, SEX, ENROLLED, DATE_OF_BIRTH, LAST_LOGIN) VALUES(2, 'kevinrs', 'Kevin Robert', 'Stravers', NULL, NULL, NULL, NULL, NULL, NULL, NULL, FALSE, FALSE, TRUE, FALSE, STRINGDECODE('\u0000'), NULL, NULL, NULL);
INSERT INTO PUBLIC.USER(ID, USERNAME, FIRST_NAME, SURNAME, MIDDLE_NAME, EMAIL, WEBSITE_URL, PHONE, TITLE, PROFILE_IMAGE_FILE_NAME, GRADUATION_YEAR, STUDENT, BEDKOM, ADMIN, ROOT, SEX, ENROLLED, DATE_OF_BIRTH, LAST_LOGIN) VALUES(3, 'thormodm', 'Thormod', 'Myrvang', NULL, NULL, NULL, NULL, NULL, NULL, NULL, FALSE, FALSE, FALSE, FALSE, STRINGDECODE('\u0000'), NULL, NULL, NULL);
INSERT INTO PUBLIC.USER(ID, USERNAME, FIRST_NAME, SURNAME, MIDDLE_NAME, EMAIL, WEBSITE_URL, PHONE, TITLE, PROFILE_IMAGE_FILE_NAME, GRADUATION_YEAR, STUDENT, BEDKOM, ADMIN, ROOT, SEX, ENROLLED, DATE_OF_BIRTH, LAST_LOGIN) VALUES(4, 'ivarhk', 'Ivar', STRINGDECODE('Kr\u00e5b\u00f8l'), '"Touchpad"', 'ivarhk@gmail.com', NULL, '482 64 519', NULL, 'happy cat.jpg', 2018, FALSE, FALSE, FALSE, FALSE, 'm', NULL, NULL, NULL);
INSERT INTO PUBLIC.USER(ID, USERNAME, FIRST_NAME, SURNAME, MIDDLE_NAME, EMAIL, WEBSITE_URL, PHONE, TITLE, PROFILE_IMAGE_FILE_NAME, GRADUATION_YEAR, STUDENT, BEDKOM, ADMIN, ROOT, SEX, ENROLLED, DATE_OF_BIRTH, LAST_LOGIN) VALUES(5, 'oysteibh', STRINGDECODE('\u00d8ystein'), 'Hauan', STRINGDECODE('\"\u00d8-d\u00e5gg\"'), NULL, NULL, NULL, NULL, 'happy cat.jpg', 2018, FALSE, FALSE, FALSE, FALSE, STRINGDECODE('\u0000'), NULL, NULL, NULL);
